{"cameraMode":{"drawMode":0,"name":"Shaded","section":"Shading Mode"},"sceneLighting":false,"audioPlay":false,"sceneViewState":{"showFog":false,"showMaterialUpdate":false,"showSkybox":false,"showFlares":false,"showImageEffects":false,"showParticleSystems":true},"in2DMode":false,"pivot":{"x":332.9041748046875,"y":178.0518035888672,"z":19.949567794799806},"rotation":{"x":-0.12347482144832611,"y":0.6249516010284424,"z":0.10097658634185791,"w":0.7641944885253906},"size":664.6533203125,"orthographic":false}